x_mm,y_mm,pressure_bar,normal_force_n,fx_n,fy_n,sliding
0.99621864,-100.68619,0.82922805,7.4107595,-0.062373309,-0.6146255,0
6.5372675,-100.65172,0.94828942,8.4748037,-0.10848069,-0.18408269,0
11.080913,-100.67156,1.0435826,9.3264333,-0.050780516,-0.49292056,0
16.835409,-100.65309,1.106126,9.8853794,0.026134311,-0.28398497,0
21.719874,-100.6635,1.0625816,9.4962261,0.42195455,-0.46538777,0
3.7625787,-78.318944,2.3407052,20.918737,0.014949928,-2.0012865,0
8.2183174,-78.242812,2.406947,21.510736,0.0080470523,-0.99122792,0
11.243498,-78.261916,2.4445311,21.846623,0.2510592,-1.2794347,0
17.365963,-78.30034,2.4589949,21.975884,1.069056,-1.8591096,0
23.606024,-78.248544,2.3186759,20.721862,0.7962883,-1.1987751,0
1.18084,-56.252768,2.4584672,21.971169,0.12361187,-6.3064847,0
7.8300965,-56.130588,2.4961458,22.3079,1.9277943,-4.6853184,0
12.143638,-55.922036,2.5128536,22.457216,0.61718695,-1.8560125,0
17.010118,-55.952217,2.4817221,22.178996,1.2955392,-2.3155583,0
22.854517,-55.988242,2.3230957,20.761362,2.3901252,-2.8640757,0
2.7118317,-33.752208,2.2731428,20.314936,0.54425776,-3.8759021,0
7.531642,-33.752199,2.2641364,20.234446,2.350945,-3.912938,0
12.366232,-33.752188,2.2445817,20.059687,4.8826353,-3.9495458,0
19.16273,-33.597501,2.1248327,18.989498,5.7258608,-1.8740218,0
21.316833,-33.557943,2.0379262,18.21282,2.2172831,-1.3486242,0
2.1505353,-11.251642,2.1819648,19.500084,0.425036,-1.2820192,0
6.9772592,-11.251633,2.1462083,19.180531,2.2554212,-1.2972152,0
14.305659,-11.251615,2.0692231,18.492518,6.4841948,-1.319796,0
18.575903,-11.251602,1.9703138,17.608572,9.5105731,-1.332756,0
21.814674,-11.184574,1.8306334,16.360257,6.0490766,-0.42168791,0
2.3944605,11.248935,2.1807239,19.488994,0.49485038,1.2547015,0
8.6941408,11.248946,2.1344275,19.075246,3.1092186,1.2734952,0
13.03185,11.248957,2.0890575,18.669778,5.6493348,1.2862844,0
19.481369,11.246244,1.9404666,17.34183,9.9815778,1.2675722,0
22.22394,11.166781,1.8057748,16.138097,5.0214664,0.18348655,0
2.9194804,33.74952,2.275317,20.334366,0.60419615,3.8494145,0
8.4585394,33.749531,2.2640041,20.233264,2.7865385,3.891591,0
13.100649,33.749542,2.2392335,20.011891,5.3163956,3.9265032,0
18.56573,33.638803,2.1432113,19.153746,6.4485325,2.4444996,0
24.207975,33.570833,1.893537,16.922422,2.901344,1.5549457,0
1.5098126,56.250113,2.4638614,22.019376,0.1869446,6.2805702,0
7.6446219,56.140142,2.498532,22.329225,1.8820947,4.8240237,0
12.757678,55.926137,2.5153097,22.479167,0.68916119,1.9280741,0
16.474418,55.94912,2.4910796,22.262624,1.2088183,2.2788996,0
22.514583,55.98626,2.3383977,20.898115,2.3171681,2.8458557,0
1.9847489,78.306746,2.3210017,20.742648,-0.016324354,1.8244065,0
7.5643021,78.237033,2.4032719,21.477892,-0.036746674,0.91564043,0
12.762155,78.269686,2.4648343,22.028071,0.40752123,1.4116476,0
18.663044,78.306481,2.4547467,21.937919,1.2851075,1.9705913,0
21.19032,78.322159,2.408282,21.522667,1.765561,2.2087562,0
2.6061183,100.6386,0.86435452,7.7246827,-0.14688999,-0.021870445,0
7.5492412,100.65491,0.97950569,8.7537815,-0.18071404,0.24550771,0
12.707444,100.67815,1.0838043,9.6858916,-0.072529148,0.60995635,0
16.194217,100.65181,1.1212323,10.020383,-0.062085466,0.2776105,0
22.594394,100.66622,1.0654288,9.5216706,0.46188191,0.53075507,0
26.08004,-100.65687,0.80607199,7.2038153,0.14447228,-0.33424293,0
31.588415,-100.66059,0.074291431,0.6639379,-0.070183976,-0.016943644,0
28.90907,-78.300119,1.9495717,17.423201,1.2845375,-1.6937906,0
33.294285,-78.256879,1.6550218,14.790827,0.28628332,-0.8294953,0
36.322159,-78.286673,1.424038,12.726539,0.28336467,-1.0580958,0
42.447403,-78.286201,0.66852603,5.9745756,-0.022461041,-0.68672623,0
26.479408,-56.010427,2.1558748,19.266919,3.261598,-3.1416135,0
32.868495,-55.917849,2.0209194,18.060831,1.7102276,-1.5908075,0
37.333708,-55.961449,1.8902317,16.892884,2.0418963,-2.0040078,0
42.095925,-55.914355,1.5129401,13.521051,0.29344106,-1.1523284,0
47.984971,-55.958751,0.47504809,4.2454752,0.17716593,-1.5202,0
28.018506,-33.586518,1.8147761,16.218541,3.9510029,-1.7157313,0
32.540951,-33.533157,1.8692816,16.705654,1.7512563,-0.88152774,0
37.255385,-33.56272,1.8744948,16.752244,2.1802482,-1.1894422,0
44.143413,-33.592768,1.44558,12.919059,2.7463928,-1.4600957,0
46.437628,-33.552623,1.0787772,9.6409645,0.37540385,-0.85669246,0
27.466862,-11.189099,1.6211697,14.488293,3.9225712,-0.48299558,0
32.233423,-11.196559,1.7278314,15.441522,5.073869,-0.55698359,0
39.119389,-11.189764,1.7776883,15.88709,2.4307045,-0.42069711,0
43.271562,-11.198434,1.5457968,13.81469,2.8592842,-0.5154005,0
46.83693,-11.179824,1.0818622,9.668535,2.7623119,-0.23815422,0
27.708985,11.190614,1.624833,14.521032,3.9885715,0.50899245,0
33.917393,11.200235,1.7703935,15.821896,5.3961798,0.6097793,0
37.880792,11.187442,1.8044296,16.126075,2.2986805,0.41230532,0
44.16792,11.200997,1.4641078,13.08464,2.9469186,0.56725129,0
47.166569,11.18297,1.00305,8.9641957,0.46029517,0.30321881,0
28.224449,33.588038,1.8171557,16.239807,4.0024069,1.7396628,0
33.444089,33.53974,1.8865637,16.860103,1.8132158,0.96206121,0
37.969595,33.568286,1.872477,16.734211,2.2226332,1.2614779,0
43.47648,33.602665,1.5396568,13.759817,2.696846,1.6220424,0
49.358119,33.565309,0.47327565,4.2296351,0.37233119,0.98492431,0
26.807468,55.9915,2.1473546,19.190774,3.3493288,2.8792637,0
32.682032,55.917645,2.0326592,18.165749,1.6582983,1.6044438,0
37.949967,55.969219,1.8734435,16.742848,2.0461341,2.091172,0
41.557313,55.90979,1.5894052,14.204416,0.29863911,1.1159216,0
47.641978,55.955431,0.58147362,5.1965936,0.18275475,1.4894764,0
27.128808,78.280106,2.090847,18.68577,1.0849507,1.5439008,0
32.640823,78.250348,1.7114721,15.29532,0.28125136,0.79083845,0
37.844184,78.30123,1.2948311,11.571825,0.26685509,1.1738753,0
43.753144,78.294819,0.44607331,3.9865295,-0.026962556,0.72822351,0
27.673699,100.65112,0.6022105,5.3819178,-0.0022722437,0.16746887,0
-28.400236,-100.65528,0.47434522,4.2391938,0.11555107,-0.15014947,0
-41.939341,-78.278673,0.7423108,6.6339855,0.14442115,-0.57408213,0
-38.892036,-78.31179,1.1600033,10.366877,-0.060516766,-1.2187959,0
-32.78915,-78.252318,1.6838104,15.048109,-0.082461075,-0.78062747,0
-26.661616,-78.278139,2.1171384,18.920734,-1.073619,-1.5274559,0
-49.229104,-55.967388,0.17692701,1.5811857,-0.099792023,-1.5437172,0
-42.503062,-55.917326,1.4872199,13.291192,-0.11729695,-1.1450488,0
-38.159841,-55.972736,1.8653801,16.670786,-2.1413647,-2.1033427,0
-33.284806,-55.925688,2.0214583,18.065647,-1.7756004,-1.6693936,0
-27.526775,-55.869496,2.1181999,18.930221,-1.2480322,-1.1510039,0
-47.688622,-33.557926,0.89603965,8.0078507,-0.28492787,-0.87913993,0
-43.032037,-33.600708,1.6152262,14.435176,-2.7392417,-1.57364,0
-38.262159,-33.571311,1.8854439,16.850095,-2.330363,-1.2738059,0
-31.451695,-33.528831,1.8650186,16.667556,-1.6888559,-0.84046717,0
-29.257257,-33.593626,1.8268343,16.326304,-4.374322,-1.7860879,0
-48.27103,-11.18445,0.8491783,7.5890537,-0.39376782,-0.28653339,0
-43.61016,-11.201002,1.5736348,14.063476,-2.9637881,-0.5440251,0
-36.411923,-11.185583,1.8358023,16.406452,-2.2296924,-0.3761778,0
-32.5711,-11.197976,1.7518883,15.656517,-5.2802939,-0.57222436,0
-29.045861,-11.192547,1.651637,14.760577,-4.4568657,-0.51945413,0
-48.022286,11.184212,0.90488376,8.08689,-0.38331956,0.30100438,0
-41.902299,11.193816,1.7102251,15.284175,-2.7948769,0.46994971,0
-37.646801,11.185076,1.8411509,16.454252,-2.3615713,0.37462304,0
-31.689397,11.197092,1.7280365,15.443355,-5.0931626,0.57674393,0
-28.558588,11.192278,1.6413837,14.668944,-4.3273915,0.52905494,0
-47.477425,33.556683,0.94621847,8.4562957,-0.27820429,0.87217656,0
-42.111067,33.590734,1.7014226,15.205508,-2.6818581,1.4623699,0
-37.547378,33.562777,1.9039033,17.015065,-2.2852532,1.1782045,0
-32.104791,33.529103,1.8789781,16.792311,-1.7729459,0.83593645,0
-26.402943,33.581837,1.8118286,16.1922,-3.5976484,1.6940342,0
-48.891958,55.964238,0.27145,2.4259318,-0.10018092,1.5148975,0
-42.689639,55.918085,1.4654599,13.096724,-0.11708849,1.1491111,0
-37.543201,55.961751,1.8968409,16.95195,-2.1343062,1.9823212,0
-33.820374,55.925833,2.0121263,17.982248,-1.8545699,1.6521013,0
-27.861268,55.867769,2.1101395,18.858186,-1.3166463,1.1182344,0
-42.604838,78.280776,0.62828154,5.6149131,0.1434217,0.56853333,0
-37.366662,78.296817,1.3188029,11.78606,-0.073899186,1.1147732,0
-31.60617,78.255695,1.7673046,15.794291,-1.3872547,0.91583044,0
-29.130609,78.302114,1.9319076,17.265338,-1.3466382,1.7109823,0
-27.541193,100.64796,0.59517988,5.3190857,0.10907577,0.12054731,0
-24.113864,-100.66603,1.0018348,8.9533356,-0.65234224,-0.52266268,0
-18.485516,-100.65466,1.1064748,9.8884968,-0.087802328,-0.32154619,0
-13.910382,-100.64537,1.0880703,9.7240164,0.20077384,-0.15718538,0
-8.1670175,-100.66068,0.98625707,8.8141182,0.2285867,-0.32162354,0
-3.3489612,-100.64648,0.87756075,7.8427059,0.11002485,-0.087390231,0
-21.419194,-78.326314,2.3930796,21.386804,-1.8784973,-2.2539177,0
-16.874103,-78.297827,2.4615174,21.998428,-1.0257825,-1.8235296,0
-13.825967,-78.278631,2.4628166,22.010039,-0.57241775,-1.5335161,0
-7.7311157,-78.240007,2.3997351,21.446283,0.0035226916,-0.94998162,0
-1.5165889,-78.302837,2.3113797,20.656656,0.010037397,-1.7610097,0
-24.094231,-55.997881,2.2630315,20.224572,-2.7225276,-3.012755,0
-17.430172,-55.956308,2.4710466,22.08359,-1.3854907,-2.3792171,0
-12.962429,-55.928255,2.5087485,22.42053,-0.71879113,-1.9517203,0
-8.2596451,-56.106905,2.4966897,22.312761,-2.1682641,-4.3649097,0
-2.4151205,-56.252766,2.4625175,22.007366,-0.53718758,-6.3181302,0
-22.566354,-33.565024,1.9734371,17.636484,-2.5566014,-1.45885,0
-18.187972,-33.683062,2.147253,19.189867,-7.2653127,-3.0453597,0
-13.409517,-33.752184,2.2295911,19.925717,-5.6687629,-3.9591233,0
-6.4292219,-33.752201,2.2631386,20.225529,-2.050837,-3.9053255,0
-3.9680722,-33.752206,2.2682533,20.271238,-1.109073,-3.8860983,0
-23.310918,-11.178843,1.7368965,15.522536,-5.1330695,-0.34730186,0
-18.928485,-11.251599,1.9500401,17.427387,-9.8869023,-1.3333104,0
-11.531143,-11.251621,2.1017175,18.782919,-4.8971956,-1.3109705,0
-7.3272759,-11.251632,2.1401477,19.126367,-2.6135403,-1.298083,0
-3.7501564,-11.251639,2.1668157,19.364698,-1.1093178,-1.2869663,0
-23.057304,11.176681,1.7515899,15.65385,-4.960524,0.32607381,0
-17.174181,11.248972,2.0014621,17.886942,-8.6178472,1.3011994,0
-12.800082,11.248958,2.0864608,18.64657,-5.6764953,1.2876829,0
-6.4301565,11.248942,2.1478422,19.195132,-2.1940856,1.2678119,0
-3.2578231,11.248936,2.1720879,19.411815,-0.93901724,1.2578133,0
-22.357617,33.564457,1.9848408,17.738399,-2.5064856,1.4563262,0
-17.346489,33.744617,2.1708975,19.401176,-8.0574527,3.8926719,0
-12.674876,33.749542,2.2388423,20.008395,-5.2326517,3.9250547,0
-7.096172,33.749528,2.2646621,20.239145,-2.338906,3.8822236,0
-1.0932099,33.749518,2.2832298,20.405083,-0.29093552,3.8354711,0
-23.761047,55.996086,2.2791146,20.368306,-2.647483,2.9915541,0
-17.615535,55.957805,2.4693128,22.068095,-1.4180934,2.4082771,0
-12.348132,55.924774,2.5118205,22.447984,-0.64347283,1.9050159,0
-8.7945817,56.076439,2.5025596,22.36522,-2.2722387,3.9576586,0
-2.7526219,56.250114,2.4681346,22.057566,-0.61878754,6.2919751,0
-23.12835,78.246248,2.337959,20.894194,-0.74578616,1.1767706,0
-17.536328,78.299939,2.4582355,21.969098,-1.1451324,1.8663813,0
-12.305008,78.267159,2.4554219,21.943953,-0.39323867,1.3698619,0
-6.4525231,78.230205,2.3835645,21.301767,0.054587593,0.81012938,0
-3.9827162,78.321554,2.3470179,20.975153,-0.023481327,2.0453639,0
-22.472111,100.65985,1.0529968,9.4105669,-0.50952985,0.43523237,0
-17.461094,100.64992,1.111538,9.933746,-0.055608496,0.25713826,0
-12.291716,100.67557,1.0676293,9.5413372,0.060079871,0.56706726,0
-8.8054682,100.66007,1.0015387,8.9506891,0.14762768,0.32475453,0
-2.4876731,100.63794,0.86007375,7.6864257,0.070826459,-0.032724808,0
