wave_number,frequency_hz,damping,radial_share,tangential_share,lateral_share,torsion_share
0,45.677905,0.050086539,0,0,1,3.5312085e-58
0,72.8,0.034,2.1500775e-23,1,0,0
0,267.23915,0.0094712106,1,2.1500775e-23,0,0
0,276.46087,0.018572272,0,0,3.5312085e-58,1
1,54.3,0.043549482,0,0,0.97476361,0.025236393
1,105.34009,0.022670339,0.44098072,0.55901928,0,0
1,289.24373,0.018177392,0,0,0.025236393,0.97476361
1,345.95562,0.008309931,0.55901928,0.44098072,0,0
2,112,0.02898876,0,0,0.73698264,0.26301736
2,127.15997,0.018230931,0.78188397,0.21811603,0,0
2,356.90348,0.013938489,0,0,0.26301736,0.73698264
2,525.80843,0.0070618675,0.21811603,0.78188397,0,0
3,140.4097,0.016346323,0.89435317,0.10564683,0,0
3,205.52046,0.026118489,0,0,0.33619549,0.66380451
3,531.43697,0.0072403442,0,0,0.66380451,0.33619549
3,735.92852,0.0068101339,0.10564683,0.89435317,0,0
4,153.10747,0.014930889,0.93914227,0.060857727,0,0
4,289.68133,0.026150109,0,0,0.12218521,0.87781479
4,835.24268,0.0036202742,0,0,0.87781479,0.12218521
4,954.81312,0.0071172336,0.060857727,0.93914227,0,0
5,166.74783,0.013682942,0.96086779,0.039132213,0,0
5,364.74753,0.026556211,0,0,0.049921962,0.95007804
5,1176.413,0.0077039314,0.039132213,0.96086779,0,0
5,1252.3552,0.0021372542,0,0,0.95007804,0.049921962
6,181.44958,0.012560755,0.97293355,0.027066455,0,0
6,436.18897,0.027449003,0,0,0.023760026,0.97623997
6,1398.3456,0.0084404751,0.027066455,0.97293355,0,0
6,1768.9369,0.001426601,0,0,0.97623997,0.023760026
