deflection_mm,wheel_load_n,rim_fz_n,contact_blocks,patch_length_mm,patch_width_mm,area_cm2,mean_pressure_bar,max_pressure_bar,converged
2.5,242.6159,170.51116,44,45.518679,111.79911,39.322527,0.61698959,1.0301373,1
5,974.20662,902.08675,96,66.453841,201.27083,85.794604,1.1355104,1.7409083,1
7.5,1891.3952,1819.2764,150,90.436442,201.29321,134.05407,1.4109196,2.2680107,1
10,2870.9888,2798.8747,181,98.552914,201.29968,161.75858,1.7748603,2.5153097,1
12.5,3866.5929,3794.4749,222,125.97168,201.32313,198.40002,1.9488874,2.7522875,1
15,4865.0078,4792.8937,256,140.45468,201.31106,228.78561,2.1264483,2.9667736,1
17.5,5855.3784,5783.267,286,148.63684,201.33433,255.59642,2.2908687,3.1240735,1
20,6820.8705,6748.7619,317,166.51757,201.33825,283.30093,2.4076414,3.2584394,1
22.5,7766.6263,7694.5115,346,185.33719,201.30793,309.21805,2.5116989,3.3798122,1
25,8713.699,8641.5866,374,195.65326,201.32058,334.24148,2.6070071,3.4824333,1
27.5,9647.8424,9575.7367,395,200.82526,201.36769,353.00905,2.7330298,3.5777263,1
30,10551.654,10479.545,421,216.33061,201.34071,376.24508,2.804463,3.6636113,1
32.5,11447.607,11375.491,447,235.21049,201.30793,399.48112,2.8656191,3.7408282,1
35,12360.856,12288.742,473,244.78286,201.34787,422.71716,2.9241433,3.8116639,1
37.5,13270.357,13198.251,495,248.41728,201.37189,442.37843,2.9997749,3.8780122,1
40,14143.493,14071.387,514,259.69356,201.3562,459.35861,3.0789656,3.941152,1
