series,load_target_n,slip_angle_deg,slip_ratio,camber_deg,fx_n,fy_n,fz_n,mx_nm,my_nm,mz_nm,effective_radius_mm,sliding_blocks,contact_blocks,cpu_s
"Fy_Mz_alpha Fz=2000",2000,0,0,0,-31.889014,-0.22371114,1997.4374,-0.092196588,0.049176167,0.012642497,321.00829,10,146,0.3857153
"Fy_Mz_alpha Fz=2000",2000,0.5,0,0,-31.405029,557.28549,1997.8765,151.35409,-0.015551663,-5.4468703,321.01145,15,144,0.4163721
"Fy_Mz_alpha Fz=2000",2000,1,0,0,-30.62659,1033.6275,1998.2647,282.66626,-0.013892733,-8.8811563,320.98921,20,135,0.3824815
"Fy_Mz_alpha Fz=2000",2000,1.5,0,0,-29.798332,1395.2269,1998.2985,383.35093,-0.029901802,-9.9449548,320.96703,37,132,0.4330422
"Fy_Mz_alpha Fz=2000",2000,2,0,0,-29.071344,1654.2876,1998.4624,457.47816,0.010454426,-9.4592248,320.94037,50,130,0.432311
"Fy_Mz_alpha Fz=2000",2000,2.5,0,0,-28.570828,1841.6032,1999.1861,511.80058,0.011098755,-8.2072586,320.90463,57,124,0.4164605
"Fy_Mz_alpha Fz=2000",2000,3,0,0,-28.192705,1968.1824,1999.0026,548.98602,-0.01617376,-6.6621225,320.88675,74,124,0.4122648
"Fy_Mz_alpha Fz=2000",2000,4,0,0,-28.025064,2116.7592,1999.2139,592.15647,0.006126376,-3.0358952,320.88978,81,122,0.4193916
"Fy_Mz_alpha Fz=2000",2000,5,0,0,-28.072022,2184.922,1999.2491,612.30152,0.022493039,-0.094672533,320.91,91,122,0.4063864
"Fy_Mz_alpha Fz=2000",2000,6,0,0,-28.041037,2213.5702,1999.3472,620.64711,0.01313562,2.0818007,320.93859,95,123,0.3815144
"Fy_Mz_alpha Fz=2000",2000,7,0,0,-28.04839,2220.4634,1998.6799,622.7827,0.019584228,3.4978425,320.97242,101,121,0.5232529
"Fy_Mz_alpha Fz=2000",2000,8,0,0,-28.161603,2232.5496,1998.9283,626.22743,0.033141505,4.5576755,321.00206,100,122,0.479229
"Fy_Mz_alpha Fz=2000",2000,10,0,0,-27.800198,2247.5245,1999.4306,630.76623,0.00092097333,5.7979289,321.07148,102,121,0.4332874
"Fy_Mz_alpha Fz=2000",2000,12,0,0,-27.551647,2246.1136,1999.1555,630.24061,-0.0002324039,6.5054252,321.15831,109,115,0.3994028
"Fy_Mz_alpha Fz=2000",2000,15,0,0,-26.947776,2238.7491,1999.5417,628.10514,-0.026388882,7.2364092,321.30679,113,117,0.4233712
"Fy_Mz_alpha Fz=2000",2000,20,0,0,-24.919934,2205.5709,1999.2723,618.17172,-0.22346672,7.6077051,321.53138,115,121,0.4166618
"Fx_kappa Fz=2000",2000,0,0,0,-31.680599,-0.18709978,1998.1167,-0.08222115,-0.01331346,0.013700475,321.00563,10,146,0.3646352
"Fx_kappa Fz=2000",2000,0,0.01,0,671.97331,0.27471842,2001.6937,0.061540462,-222.86049,0.0014474685,317.82736,14,148,0.5517457
"Fx_kappa Fz=2000",2000,0,0.02,0,1263.6403,0.33312541,1999.7047,0.073803972,-411.6995,0.0048271403,314.7114,26,147,0.5455368
"Fx_kappa Fz=2000",2000,0,0.03,0,1685.9529,0.17625493,1999.8914,0.025204626,-546.70926,0.0046232819,311.65595,52,146,0.6270705
"Fx_kappa Fz=2000",2000,0,0.04,0,1932.3924,0.20059098,1999.6398,0.032722756,-625.15665,0.0014901955,308.65926,67,145,0.5335266
"Fx_kappa Fz=2000",2000,0,0.05,0,2078.0259,0.21885263,1999.6883,0.03403798,-671.83278,0.0042399331,305.71965,82,142,0.5645455
"Fx_kappa Fz=2000",2000,0,0.07,0,2219.4672,0.22100865,2000.5582,0.03748056,-717.21375,0.0026273394,300.00526,105,145,0.5848949
"Fx_kappa Fz=2000",2000,0,0.1,0,2273.4214,0.15678626,2000.5275,0.0048307666,-734.8857,0.0013800069,291.8233,118,144,0.6090258
"Fx_kappa Fz=2000",2000,0,0.13,0,2271.1296,0.19867062,1998.6237,0.026149806,-734.60544,0.0029465389,284.07578,127,144,0.715719
"Fx_kappa Fz=2000",2000,0,0.17,0,2290.6435,0.10309489,1999.8728,0.0032964,-741.267,0.003789904,274.36379,131,146,0.5771849
"Fx_kappa Fz=2000",2000,0,0.22,0,2297.4652,0.044978285,1999.9865,-0.013856161,-744.55776,0.0037061521,263.11937,137,144,0.7786181
"Fx_kappa Fz=2000",2000,0,0.3,0,2297.3126,0.077539304,2000.3801,-0.0035258854,-746.10386,0.003173919,246.92741,131,142,0.6574831
"Fx_kappa Fz=2000",2000,0,0.45,0,2236.8227,0.056167191,2000.6985,-0.013890122,-727.91149,0.0023611609,221.38319,141,147,0.6843632
"Fx_kappa Fz=2000",2000,0,0.6,0,2205.5112,0.062635096,1999.3768,-0.010863123,-720.98644,0.004248516,200.62852,145,145,0.6480417
"Fx_kappa Fz=2000",2000,0,0.8,0,2109.4356,0.032073467,2000.8068,-0.033173102,-692.81284,0.0094724107,178.33646,146,146,0.7218585
"Fx_kappa Fz=2000",2000,0,1,0,2047.6738,0.020802191,2000.5677,-0.035940612,-678.34433,0.001535979,160.50281,142,142,0.7563834
"Fy_Mz_alpha Fz=4000",4000,0,0,0,-46.013767,0.055070614,3997.0892,-0.0083531708,-0.030347099,0.0088415733,320.31378,9,223,0.4377104
"Fy_Mz_alpha Fz=4000",4000,0.5,0,0,-45.741987,1113.2496,3998.2174,303.10749,0.10898062,-17.782275,320.29696,18,220,0.4937325
"Fy_Mz_alpha Fz=4000",4000,1,0,0,-42.845268,2061.5507,3998.025,563.06311,-0.11704341,-29.348995,320.21637,31,208,0.4871073
"Fy_Mz_alpha Fz=4000",4000,1.5,0,0,-41.265568,2799.0927,3998.0002,768.57257,0.024096515,-33.878705,320.08969,56,199,0.4876386
"Fy_Mz_alpha Fz=4000",4000,2,0,0,-39.722404,3321.717,3998.1833,916.30312,0.0040797511,-33.035147,319.97521,72,187,0.464939
"Fy_Mz_alpha Fz=4000",4000,2.5,0,0,-39.110016,3686.4798,3998.8421,1022.8114,0.049912072,-28.508428,319.90472,91,182,0.4919979
"Fy_Mz_alpha Fz=4000",4000,3,0,0,-39.331515,3915.3565,4000.2002,1090.0342,0.11202464,-22.582982,319.87015,106,183,0.4843044
"Fy_Mz_alpha Fz=4000",4000,4,0,0,-39.69489,4143.8914,3998.7427,1157.614,-0.016914277,-12.057948,319.8433,125,177,0.5368202
"Fy_Mz_alpha Fz=4000",4000,5,0,0,-41.517775,4223.4377,3998.2869,1181.1319,0.14127207,-3.4519261,319.84476,136,177,0.58196
"Fy_Mz_alpha Fz=4000",4000,6,0,0,-41.618209,4234.7748,3998.5201,1185.1132,-0.016299871,1.1905108,319.86113,147,177,0.4857674
"Fy_Mz_alpha Fz=4000",4000,7,0,0,-42.169342,4226.917,3998.8108,1182.4095,-0.010484197,4.860125,319.88685,152,176,0.5365752
"Fy_Mz_alpha Fz=4000",4000,8,0,0,-42.282248,4236.2397,3998.9989,1185.0859,-0.022062772,6.5820537,319.89308,157,177,0.5938159
"Fy_Mz_alpha Fz=4000",4000,10,0,0,-42.5547,4250.8904,3998.7131,1189.4048,-0.0033004556,9.4793682,319.93109,160,176,0.4802419
"Fy_Mz_alpha Fz=4000",4000,12,0,0,-42.508926,4251.6423,3998.7962,1189.6239,0.00062733124,11.422585,319.99263,170,177,0.4188677
"Fy_Mz_alpha Fz=4000",4000,15,0,0,-42.219537,4227.8849,3998.9864,1182.4951,0.0023713514,12.876408,320.10872,165,178,0.4275373
"Fy_Mz_alpha Fz=4000",4000,20,0,0,-40.970148,4167.8416,3999.1434,1164.5987,0.004548091,13.884498,320.339,172,176,0.3877282
"Fx_kappa Fz=4000",4000,0,0,0,-46.567923,0.12083764,3997.0679,0.013307651,0.11561508,0.0084601183,320.31399,9,223,0.501792
"Fx_kappa Fz=4000",4000,0,0.01,0,1513.3479,-0.027768085,3997.4654,-0.030246703,-495.45344,-0.0047411579,317.14256,21,221,0.6883559
"Fx_kappa Fz=4000",4000,0,0.02,0,2812.7893,0.074563975,4000.6756,0.0024637761,-909.90489,0.00284972,314.03332,40,222,0.6725674
"Fx_kappa Fz=4000",4000,0,0.03,0,3676.95,0.28610734,4000.6723,0.057654976,-1185.3151,0.0040072684,310.98445,91,222,0.6954516
"Fx_kappa Fz=4000",4000,0,0.04,0,4101.1719,0.32994696,4001.5539,0.069093801,-1320.968,0.0020411094,307.99422,132,221,0.7131125
"Fx_kappa Fz=4000",4000,0,0.05,0,4297.0566,-0.32416786,4001.9675,-0.12056015,-1383.729,0.00043133117,305.06094,148,225,0.7537176
"Fx_kappa Fz=4000",4000,0,0.07,0,4446.7982,0.29485187,4001.3157,0.0620592,-1431.8618,0.0081383967,299.35887,169,221,0.7807471
"Fx_kappa Fz=4000",4000,0,0.1,0,4446.3031,0.14752849,4001.1703,0.017613029,-1432.3114,0.0056857404,291.19453,186,220,0.8028761
"Fx_kappa Fz=4000",4000,0,0.13,0,4386.1667,0.11591995,4002.6005,0.0072784663,-1413.7119,0.0049397159,283.4637,199,222,0.8247175
"Fx_kappa Fz=4000",4000,0,0.17,0,4390.096,0.058641103,4001.1874,-0.010532291,-1415.744,0.0046854245,273.77264,207,222,0.682466
"Fx_kappa Fz=4000",4000,0,0.22,0,4386.3605,0.073689198,4001.8979,-0.0050759106,-1415.8196,0.0043854332,262.55245,213,217,0.6045131
"Fx_kappa Fz=4000",4000,0,0.3,0,4362.6757,0.048548982,4002.7124,-0.014227681,-1410.1395,0.0037885782,246.39537,213,220,0.5584121
"Fx_kappa Fz=4000",4000,0,0.45,0,4244.0064,0.0097597362,4002.2467,-0.025889904,-1373.9149,0.0023521526,220.9062,223,225,0.7051705
"Fx_kappa Fz=4000",4000,0,0.6,0,4152.4648,0.032879779,4003.0573,-0.023446084,-1348.5069,0.0028066353,200.19624,219,226,0.7463981
"Fx_kappa Fz=4000",4000,0,0.8,0,3974.089,0.0089336065,4003.925,-0.028633071,-1294.6371,0.0031831931,177.95221,225,225,0.8548385
"Fx_kappa Fz=4000",4000,0,1,0,3840.4963,0.0242849,4007.6205,-0.023405106,-1257.9839,0.00070635283,160.15699,223,223,0.8591373
"Fy_Mz_alpha Fz=6000",6000,0,0,0,-68.170509,0.29767698,5997.7284,0.054181838,0.21156603,0.002349433,319.92552,7,285,0.5302421
"Fy_Mz_alpha Fz=6000",6000,0.5,0,0,-66.451548,1533.7608,5998.4898,421.91068,0.24139515,-33.392394,319.88673,18,282,0.5350941
"Fy_Mz_alpha Fz=6000",6000,1,0,0,-61.870628,2896.505,6000.9536,799.47272,0.16975126,-56.607703,319.75104,38,276,0.5455526
"Fy_Mz_alpha Fz=6000",6000,1.5,0,0,-56.65958,4013.8817,6001.5667,1112.0928,0.037803235,-68.275004,319.53444,60,254,0.541775
"Fy_Mz_alpha Fz=6000",6000,2,0,0,-52.754722,4853.4268,5999.8772,1350.7076,-0.12855427,-67.728281,319.34032,97,247,0.5481464
"Fy_Mz_alpha Fz=6000",6000,2.5,0,0,-52.343986,5397.998,5996.7693,1507.6232,-0.18233831,-57.463119,319.21527,119,235,0.5563611
"Fy_Mz_alpha Fz=6000",6000,3,0,0,-54.682101,5756.5981,6002.405,1613.8209,0.088754291,-45.093196,319.16068,138,230,0.5941391
"Fy_Mz_alpha Fz=6000",6000,4,0,0,-58.372511,6086.3734,5995.1444,1712.2575,0.089540209,-23.413109,319.11901,166,229,0.6072612
"Fy_Mz_alpha Fz=6000",6000,5,0,0,-61.427893,6193.5108,5998.0462,1744.3221,0.0080882469,-8.5123364,319.13058,177,226,0.5557753
"Fy_Mz_alpha Fz=6000",6000,6,0,0,-64.127617,6197.7971,5997.8109,1744.6532,0.071039716,0.92391513,319.16391,191,228,0.5859606
"Fy_Mz_alpha Fz=6000",6000,7,0,0,-65.132782,6163.8331,5997.6022,1735.4836,-0.011198151,6.7110227,319.19338,197,227,0.6008477
"Fy_Mz_alpha Fz=6000",6000,8,0,0,-65.679128,6176.877,5998.3428,1739.5206,-0.032240015,10.118781,319.21166,203,226,0.5206398
"Fy_Mz_alpha Fz=6000",6000,10,0,0,-66.78728,6197.625,5997.4486,1745.554,0.031380711,15.400381,319.26553,211,226,0.5023113
"Fy_Mz_alpha Fz=6000",6000,12,0,0,-66.951993,6189.3364,5997.3665,1743.1777,-0.0083210109,18.139504,319.34051,211,223,0.5290232
"Fy_Mz_alpha Fz=6000",6000,15,0,0,-66.903615,6156.5432,5998.2067,1733.3744,0.0080083725,20.920435,319.47554,220,223,0.4513452
"Fy_Mz_alpha Fz=6000",6000,20,0,0,-65.850547,6077.197,5998.7525,1709.3739,-0.0037968348,23.289262,319.75581,223,227,0.4074194
"Fx_kappa Fz=6000",6000,0,0,0,-63.098973,0.37945746,5997.8876,0.080373551,-1.2888285,0.0087160197,319.91478,8,287,0.5464392
"Fx_kappa Fz=6000",6000,0,0.01,0,2443.9174,0.50610514,6000.2786,0.12509333,-798.46495,0.0022273049,316.74731,16,288,0.7482472
"Fx_kappa Fz=6000",6000,0,0.02,0,4490.8813,0.67272952,6002.2417,0.16820885,-1451.1094,0.0014376718,313.64194,58,283,0.7716836
"Fx_kappa Fz=6000",6000,0,0.03,0,5708.703,0.56998227,6002.6658,0.13483826,-1839.7646,-0.0046529009,310.59688,121,283,0.7709495
"Fx_kappa Fz=6000",6000,0,0.04,0,6277.8858,0.52146891,6001.7983,0.12658768,-2021.538,0.014787541,307.61037,175,292,0.8401968
"Fx_kappa Fz=6000",6000,0,0.05,0,6521.4556,0.63021955,6002.8457,0.15437117,-2099.5326,0.0048404004,304.68074,207,285,0.9092663
"Fx_kappa Fz=6000",6000,0,0.07,0,6654.7949,0.35609371,6003.7507,0.07764007,-2142.5301,0.010160204,298.98578,232,285,0.8950837
"Fx_kappa Fz=6000",6000,0,0.1,0,6574.8421,0.40621829,6003.6213,0.085956969,-2118.3362,0.011056482,290.83162,251,286,0.8579607
"Fx_kappa Fz=6000",6000,0,0.13,0,6439.5718,0.4079765,6001.0062,0.093924705,-2075.6224,0.011121336,283.11043,258,285,0.7584449
"Fx_kappa Fz=6000",6000,0,0.17,0,6430.5095,0.14859133,6002.7865,0.022378313,-2073.8999,0.0093529126,273.43144,267,285,0.7122694
"Fx_kappa Fz=6000",6000,0,0.22,0,6412.072,0.086075749,6004.0484,0.019766668,-2069.649,0.0080660468,262.22523,271,286,0.6615913
"Fx_kappa Fz=6000",6000,0,0.3,0,6360.0825,0.095885821,6004.8135,0.0045018198,-2054.6751,0.0058487828,246.08829,281,287,0.6164995
"Fx_kappa Fz=6000",6000,0,0.45,0,6188.4269,0.11060046,6005.5574,0.01274725,-2002.5606,0.0093238268,220.63088,283,286,0.7423481
"Fx_kappa Fz=6000",6000,0,0.6,0,6039.3707,0.040765598,6005.9471,-0.0094805661,-1959.538,0.007894105,199.94674,287,287,0.8176184
"Fx_kappa Fz=6000",6000,0,0.8,0,5775.7386,-0.0060536295,6006.9057,-0.025613792,-1879.684,0.0038524856,177.73043,290,290,0.9076499
"Fx_kappa Fz=6000",6000,0,1,0,5567.833,0.041833946,6008.7953,-0.0072362389,-1820.3763,0.0098163048,159.95739,290,290,0.8184817
"Fy_Mz_alpha Fz=8000",8000,0,0,0,-97.3406,0.51225039,7996.1644,0.11161323,0.15883043,-0.0046152938,319.61905,12,346,0.6261867
"Fy_Mz_alpha Fz=8000",8000,0.5,0,0,-92.433448,1784.805,7997.7551,496.31429,-0.26505485,-50.042168,319.58913,19,341,0.6512827
"Fy_Mz_alpha Fz=8000",8000,1,0,0,-86.059268,3447.2741,8003.899,962.33523,-0.023717401,-87.583595,319.43234,36,328,0.6015239
"Fy_Mz_alpha Fz=8000",8000,1.5,0,0,-76.602438,4915.6697,8003.5405,1377.6254,-0.07682577,-110.66201,319.17569,67,317,0.6105749
"Fy_Mz_alpha Fz=8000",8000,2,0,0,-70.771187,6108.2085,7999.4644,1717.7844,0.01652563,-114.17484,318.89704,114,299,0.6014718
"Fy_Mz_alpha Fz=8000",8000,2.5,0,0,-70.999716,6940.6735,7987.9745,1958.2992,0.14717304,-98.100224,318.72147,148,291,0.6802933
"Fy_Mz_alpha Fz=8000",8000,3,0,0,-75.041953,7461.9314,8006.7163,2110.4152,0.18076734,-76.999317,318.61191,170,284,0.6016869
"Fy_Mz_alpha Fz=8000",8000,4,0,0,-83.10236,7953.0976,7999.4821,2257.1478,-0.023466275,-39.257497,318.5624,198,274,0.6403955
"Fy_Mz_alpha Fz=8000",8000,5,0,0,-90.925476,8099.521,7997.4691,2301.3042,0.041443364,-14.842499,318.5797,213,273,0.6797817
"Fy_Mz_alpha Fz=8000",8000,6,0,0,-96.7596,8082.8574,7995.5623,2299.3049,0.22362645,4.1034223,318.63407,227,274,0.5607905
"Fy_Mz_alpha Fz=8000",8000,7,0,0,-99.738729,8061.1122,7995.0434,2288.9716,0.27932079,11.082635,318.69263,234,271,0.5724491
"Fy_Mz_alpha Fz=8000",8000,8,0,0,-99.483251,8072.6622,7996.1607,2293.9868,-0.051172056,14.663588,318.71985,244,273,0.5382405
"Fy_Mz_alpha Fz=8000",8000,10,0,0,-101.80855,8096.9803,7996.4711,2300.7319,-0.0037325549,22.674748,318.80199,255,273,0.5342306
"Fy_Mz_alpha Fz=8000",8000,12,0,0,-102.69898,8089.4054,7996.621,2298.2429,0.00093667846,27.628131,318.90162,259,272,0.4439861
"Fy_Mz_alpha Fz=8000",8000,15,0,0,-103.15542,8054.4648,7996.0432,2287.6169,0.013969851,32.438254,319.08929,258,273,0.4606419
"Fy_Mz_alpha Fz=8000",8000,20,0,0,-102.11329,7947.2583,7995.0227,2255.1156,0.0044913485,35.786102,319.43773,270,275,0.4951836
"Fx_kappa Fz=8000",8000,0,0,0,-98.547481,0.36108686,7995.9854,0.075241445,0.61377682,-0.0050563292,319.62311,12,346,0.5723185
"Fx_kappa Fz=8000",8000,0,0.01,0,3423.7509,1.1920099,8001.4254,0.31132297,-1119.6625,-0.046701274,316.45853,17,343,0.8132886
"Fx_kappa Fz=8000",8000,0,0.02,0,6239.743,1.3942377,8003.3617,0.38406346,-2017.5348,-0.0077831039,313.35599,86,345,0.8092744
"Fx_kappa Fz=8000",8000,0,0.03,0,7781.862,1.260405,8004.6235,0.3398827,-2510.0836,-0.013950071,310.3137,176,348,0.842296
"Fx_kappa Fz=8000",8000,0,0.04,0,8470.2343,1.3554332,8005.7463,0.3666089,-2730.34,-0.010606873,307.32992,219,348,0.9636302
"Fx_kappa Fz=8000",8000,0,0.05,0,8749.5267,1.3214311,8005.082,0.37340149,-2819.9704,0.01052674,304.40297,255,345,0.8869412
"Fx_kappa Fz=8000",8000,0,0.07,0,8859.126,0.99119998,8004.3947,0.27733671,-2855.2063,0.015536515,298.71319,291,351,1.0188575
"Fx_kappa Fz=8000",8000,0,0.1,0,8818.0934,0.59192868,8010.2696,0.16279457,-2795.6891,0.012756861,290.56647,316,345,0.8417872
"Fx_kappa Fz=8000",8000,0,0.13,0,8492.2181,-0.42810382,8026.3381,-0.12680871,-2740.3343,-0.0085819737,282.85231,313,345,0.808648
"Fx_kappa Fz=8000",8000,0,0.17,0,8427.1409,0.24678734,8004.9634,0.068079365,-2720.6758,0.014156637,273.18215,330,341,0.7828263
"Fx_kappa Fz=8000",8000,0,0.22,0,8391.3506,0.27271881,8007.0716,0.073657846,-2711.4956,0.024448771,261.98616,327,345,0.6994736
"Fx_kappa Fz=8000",8000,0,0.3,0,8313.0409,0.19670314,8008.2262,0.06115931,-2689.3332,0.017953393,245.86393,328,346,0.7183302
"Fx_kappa Fz=8000",8000,0,0.45,0,8086.4409,0.13302852,8008.4955,0.056451782,-2620.2865,0.022667722,220.42973,346,348,0.9188921
"Fx_kappa Fz=8000",8000,0,0.6,0,7876.3673,0.146602,8006.1911,0.068006153,-2558.8189,0.02630756,199.76445,338,347,0.7761159
"Fx_kappa Fz=8000",8000,0,0.8,0,7540.2457,0.133332,8011.8385,0.092855893,-2456.7572,0.035081516,177.5684,339,348,0.9286617
"Fx_kappa Fz=8000",8000,0,1,0,7254.5811,0.078405358,8012.7086,0.067853729,-2374.4735,0.031677788,159.81156,349,349,0.9099229
"combined alpha=0",4000,0,0,0,-46.567923,0.12083764,3997.0679,0.013307651,0.11561508,0.0084601183,320.31399,9,223,0.4636737
"combined alpha=0",4000,0,0.01,0,1513.3479,-0.027768085,3997.4654,-0.030246703,-495.45344,-0.0047411579,317.14256,21,221,0.6343792
"combined alpha=0",4000,0,0.02,0,2812.7893,0.074563975,4000.6756,0.0024637761,-909.90489,0.00284972,314.03332,40,222,0.6626695
"combined alpha=0",4000,0,0.03,0,3676.95,0.28610734,4000.6723,0.057654976,-1185.3151,0.0040072684,310.98445,91,222,0.6788819
"combined alpha=0",4000,0,0.04,0,4101.1719,0.32994696,4001.5539,0.069093801,-1320.968,0.0020411094,307.99422,132,221,0.666653
"combined alpha=0",4000,0,0.05,0,4297.0566,-0.32416786,4001.9675,-0.12056015,-1383.729,0.00043133117,305.06094,148,225,0.7610547
"combined alpha=0",4000,0,0.07,0,4446.7982,0.29485187,4001.3157,0.0620592,-1431.8618,0.0081383967,299.35887,169,221,0.7699406
"combined alpha=0",4000,0,0.1,0,4446.3031,0.14752849,4001.1703,0.017613029,-1432.3114,0.0056857404,291.19453,186,220,0.7398813
"combined alpha=0",4000,0,0.13,0,4386.1667,0.11591995,4002.6005,0.0072784663,-1413.7119,0.0049397159,283.4637,199,222,0.8243437
"combined alpha=0",4000,0,0.17,0,4390.096,0.058641103,4001.1874,-0.010532291,-1415.744,0.0046854245,273.77264,207,222,0.7037234
"combined alpha=0",4000,0,0.22,0,4386.3605,0.073689198,4001.8979,-0.0050759106,-1415.8196,0.0043854332,262.55245,213,217,0.5444196
"combined alpha=0",4000,0,0.3,0,4362.6757,0.048548982,4002.7124,-0.014227681,-1410.1395,0.0037885782,246.39537,213,220,0.6112219
"combined alpha=0",4000,0,0.45,0,4244.0064,0.0097597362,4002.2467,-0.025889904,-1373.9149,0.0023521526,220.9062,223,225,0.7336044
"combined alpha=0",4000,0,0.6,0,4152.4648,0.032879779,4003.0573,-0.023446084,-1348.5069,0.0028066353,200.19624,219,226,0.7378403
"combined alpha=0",4000,0,0.8,0,3974.089,0.0089336065,4003.925,-0.028633071,-1294.6371,0.0031831931,177.95221,225,225,0.8260648
"combined alpha=0",4000,0,1,0,3840.4963,0.0242849,4007.6205,-0.023405106,-1257.9839,0.00070635283,160.15699,223,223,0.8817844
"combined alpha=2",4000,2,0,0,-39.775512,3322.4322,3999.4594,916.49588,0.032338738,-33.124814,319.97452,74,186,0.4337383
"combined alpha=2",4000,2,0.01,0,1023.6443,3280.4853,3998.5234,904.14612,-337.80474,-36.022568,316.80646,79,191,0.6462427
"combined alpha=2",4000,2,0.02,0,1955.52,3121.5958,4000.0792,859.16165,-635.557,-35.479064,313.70051,94,194,0.6961817
"combined alpha=2",4000,2,0.03,0,2691.5531,2887.4308,4001.3181,793.28191,-870.54804,-31.618531,310.65488,114,199,0.6605922
"combined alpha=2",4000,2,0.04,0,3213.7102,2613.3029,4000.5775,716.58925,-1037.6425,-26.829551,307.66781,133,203,0.6348979
"combined alpha=2",4000,2,0.05,0,3569.5978,2346.2573,4001.5512,642.17497,-1151.5376,-22.342924,304.73764,141,200,0.7026833
"combined alpha=2",4000,2,0.07,0,3963.0885,1891.9716,4001.3528,516.53612,-1277.6085,-15.681314,299.04161,166,209,0.8074927
"combined alpha=2",4000,2,0.1,0,4164.524,1414.241,4001.2568,385.5898,-1342.6126,-9.7908253,290.88593,186,217,0.787086
"combined alpha=2",4000,2,0.13,0,4236.2599,1116.1253,4014.7146,304.15791,-1366.0649,-6.8289182,283.1633,197,220,0.8580156
"combined alpha=2",4000,2,0.17,0,4292.4591,870.36005,4001.0453,237.13129,-1384.6454,-4.7178269,273.4825,205,217,0.6820138
"combined alpha=2",4000,2,0.22,0,4326.2499,680.60296,4001.6545,185.45314,-1396.4505,-3.249677,262.2742,207,221,0.6281576
"combined alpha=2",4000,2,0.3,0,4328.0925,500.73847,4001.8047,136.48724,-1399.0988,-1.9957003,246.13425,211,222,0.6420251
"combined alpha=2",4000,2,0.45,0,4227.7331,326.6714,4002.1741,89.044088,-1368.739,-0.96862516,220.67209,219,226,0.7468613
"combined alpha=2",4000,2,0.6,0,4144.2716,240.27098,4003.8504,65.54914,-1345.9485,-0.4901942,199.98408,217,220,0.7400265
"combined alpha=2",4000,2,0.8,0,3967.1357,172.45745,4003.0236,47.050397,-1292.0644,-0.19980148,177.76362,225,226,0.8533578
"combined alpha=2",4000,2,1,0,3834.5443,133.25338,4005.9223,36.41342,-1256.5029,0.00080852355,159.98726,225,225,0.8700869
"combined alpha=4",4000,4,0,0,-39.809136,4144.2538,3999.2768,1157.6551,0.033648992,-11.990007,319.84175,124,177,0.4914846
"combined alpha=4",4000,4,0.01,0,585.36557,4109.0202,3994.4513,1146.9282,-198.22653,-14.601038,316.675,129,177,0.6453086
"combined alpha=4",4000,4,0.02,0,1176.186,4014.8053,4001.1303,1118.8188,-387.16935,-18.072119,313.57034,131,181,0.6383821
"combined alpha=4",4000,4,0.03,0,1705.0822,3854.8069,4000.5489,1072.167,-555.8943,-18.889857,310.52597,135,183,0.5696077
"combined alpha=4",4000,4,0.04,0,2162.7905,3660.3009,4001.2928,1015.2615,-702.41024,-19.162885,307.54014,142,184,0.6307851
"combined alpha=4",4000,4,0.05,0,2541.6961,3443.3397,4000.8462,951.9886,-823.72268,-18.502676,304.61119,146,187,0.6071592
"combined alpha=4",4000,4,0.07,0,3095.1409,3006.1352,3999.2083,827.12027,-1000.9645,-16.227037,298.91752,162,194,0.7690451
"combined alpha=4",4000,4,0.1,0,3560.9114,2436.2505,4001.4773,667.53554,-1150.1311,-12.680242,290.76523,175,203,0.7580171
"combined alpha=4",4000,4,0.13,0,3827.4249,2024.4225,3997.5002,553.27269,-1235.7749,-10.093952,283.0458,190,209,0.8378702
"combined alpha=4",4000,4,0.17,0,4036.0229,1639.0626,4001.5236,447.40775,-1303.0883,-7.7698961,273.36902,198,212,0.7123933
"combined alpha=4",4000,4,0.22,0,4159.4613,1309.5314,4000.9317,357.21875,-1343.5092,-5.6758529,262.16537,211,217,0.6797942
"combined alpha=4",4000,4,0.3,0,4232.5889,979.53237,4002.1228,267.18478,-1368.7175,-3.6962921,246.03212,215,221,0.6066714
"combined alpha=4",4000,4,0.45,0,4184.2106,646.61665,4002.3522,176.33025,-1354.77,-1.8560771,220.58052,215,222,0.7058236
"combined alpha=4",4000,4,0.6,0,4118.2603,477.58135,4003.2038,130.33583,-1337.5467,-0.94589152,199.90109,219,224,0.7720733
"combined alpha=4",4000,4,0.8,0,3954.6301,343.80628,4004.8953,93.880759,-1288.3427,-0.37244001,177.68986,221,221,0.8377063
"combined alpha=4",4000,4,1,0,3824.0529,265.8656,4004.198,72.686512,-1253.002,0.021046932,159.92088,224,224,0.889083
"combined alpha=6",4000,6,0,0,-41.543511,4236.8078,3999.0537,1185.1812,-0.062476553,1.156307,319.861,145,176,0.4594871
"combined alpha=6",4000,6,0.01,0,370.75178,4215.9011,3990.7807,1179.3894,-131.69608,-1.7809793,316.69406,142,176,0.4635031
"combined alpha=6",4000,6,0.02,0,775.04617,4158.5096,3999.5075,1161.8404,-259.46554,-3.4466615,313.58921,148,176,0.6352723
"combined alpha=6",4000,6,0.03,0,1157.1737,4073.5673,4000.5867,1136.7737,-381.67676,-5.8551803,310.54466,149,178,0.5700471
"combined alpha=6",4000,6,0.04,0,1509.4967,3957.5575,4000.4372,1102.6622,-494.41078,-7.6002428,307.55865,152,181,0.6019272
"combined alpha=6",4000,6,0.05,0,1830.41,3821.9849,3999.011,1062.6279,-596.69704,-8.8010786,304.62952,156,182,0.6249823
"combined alpha=6",4000,6,0.07,0,2369.6985,3521.7151,4000.6122,975.11244,-769.45614,-10.347581,298.93551,161,183,0.7050825
"combined alpha=6",4000,6,0.1,0,2964.0994,3082.1248,4000.6971,848.82546,-959.8112,-10.745494,290.78272,173,197,0.7555479
"combined alpha=6",4000,6,0.13,0,3363.607,2691.7971,4001.5404,739.18738,-1087.9354,-10.177209,283.06283,183,198,0.7162181
"combined alpha=6",4000,6,0.17,0,3691.2317,2261.9229,4001.6491,619.31978,-1192.9875,-8.6653033,273.38547,190,206,0.8194327
"combined alpha=6",4000,6,0.22,0,3919.4251,1858.6385,4002.8112,507.93595,-1266.8193,-6.9920092,262.18114,198,212,0.6664239
"combined alpha=6",4000,6,0.3,0,4089.6949,1424.3501,4003.7013,388.88525,-1322.9933,-4.8121,246.04692,210,221,0.6697595
"combined alpha=6",4000,6,0.45,0,4115.0926,956.39874,4003.7339,260.93449,-1332.7131,-2.5946577,220.59379,220,221,0.754778
"combined alpha=6",4000,6,0.6,0,4076.4533,710.83202,4002.1582,194.04691,-1324.1051,-1.3559988,199.91312,221,221,0.734653
"combined alpha=6",4000,6,0.8,0,3929.5049,513.60542,4002.0487,140.27655,-1280.3529,-0.54001641,177.70055,223,227,0.8957577
"combined alpha=6",4000,6,1,0,3808.9972,398.17329,4004.4208,108.87914,-1248.0933,0.024521117,159.9305,223,223,0.860576
"combined alpha=8",4000,8,0,0,-42.400054,4235.8307,3998.9636,1185.0298,-0.0068524935,6.5452753,319.89269,154,177,0.4243527
"combined alpha=8",4000,8,0.01,0,263.15717,4225.2734,4000.6194,1182.1345,-97.600846,4.0836865,316.72543,155,177,0.4428095
"combined alpha=8",4000,8,0.02,0,564.78915,4186.4963,4001.2816,1169.9159,-192.65213,2.8721936,313.62028,156,178,0.6524119
"combined alpha=8",4000,8,0.03,0,857.48449,4135.9766,3999.6561,1155.1322,-286.18801,0.70529642,310.57542,159,179,0.6377692
"combined alpha=8",4000,8,0.04,0,1139.0571,4071.481,4000.407,1136.1635,-376.11135,-1.153401,307.58912,158,177,0.6202137
"combined alpha=8",4000,8,0.05,0,1405.7756,3992.129,4000.3635,1112.8868,-461.4019,-2.8027699,304.6597,163,182,0.6268844
"combined alpha=8",4000,8,0.07,0,1889.1605,3802.9484,4000.6673,1057.4751,-616.12858,-5.362764,298.96513,164,184,0.7532668
"combined alpha=8",4000,8,0.1,0,2475.2317,3471.8726,4000.2703,960.89305,-803.88164,-7.4565117,290.81153,174,186,0.7121863
"combined alpha=8",4000,8,0.13,0,2914.0159,3138.9192,4000.8159,865.06284,-944.38819,-8.039115,283.09087,178,193,0.7612313
"combined alpha=8",4000,8,0.17,0,3324.5007,2735.4886,4002.7119,751.62263,-1075.954,-7.9402011,273.41255,187,200,0.7921229
"combined alpha=8",4000,8,0.22,0,3633.344,2310.1191,3998.5801,633.02617,-1175.7107,-7.1277451,262.20712,192,202,0.6581809
"combined alpha=8",4000,8,0.3,0,3901.0184,1819.4113,4000.6804,497.40015,-1262.8141,-5.3497932,246.0713,206,210,0.6461572
"combined alpha=8",4000,8,0.45,0,4020.2471,1250.4036,4003.3178,341.34813,-1302.2899,-3.1165591,220.61565,217,219,0.7648563
"combined alpha=8",4000,8,0.6,0,4021.7554,938.0767,4002.937,256.17872,-1306.4195,-1.6786863,199.93293,215,222,0.7276323
"combined alpha=8",4000,8,0.8,0,3901.1444,682.06344,4004.8417,186.31596,-1270.8846,-0.67816181,177.71816,222,222,0.8343952
"combined alpha=8",4000,8,1,0,3789.4684,529.76896,4004.4261,144.88215,-1241.434,0.028686094,159.94634,226,226,0.9112208
"camber gamma=0",4000,0,0,0,-46.013767,0.055070614,3997.0892,-0.0083531708,-0.030347099,0.0088415733,320.31378,9,223,0.4551338
"camber gamma=0",4000,0.5,0,0,-45.741987,1113.2496,3998.2174,303.10749,0.10898062,-17.782275,320.29696,18,220,0.4517056
"camber gamma=0",4000,1,0,0,-42.845268,2061.5507,3998.025,563.06311,-0.11704341,-29.348995,320.21637,31,208,0.5010473
"camber gamma=0",4000,1.5,0,0,-41.265568,2799.0927,3998.0002,768.57257,0.024096515,-33.878705,320.08969,56,199,0.4782828
"camber gamma=0",4000,2,0,0,-39.722404,3321.717,3998.1833,916.30312,0.0040797511,-33.035147,319.97521,72,187,0.4263683
"camber gamma=0",4000,2.5,0,0,-39.110016,3686.4798,3998.8421,1022.8114,0.049912072,-28.508428,319.90472,91,182,0.452068
"camber gamma=0",4000,3,0,0,-39.331515,3915.3565,4000.2002,1090.0342,0.11202464,-22.582982,319.87015,106,183,0.4631362
"camber gamma=0",4000,4,0,0,-39.69489,4143.8914,3998.7427,1157.614,-0.016914277,-12.057948,319.8433,125,177,0.472648
"camber gamma=0",4000,5,0,0,-41.517775,4223.4377,3998.2869,1181.1319,0.14127207,-3.4519261,319.84476,136,177,0.6640077
"camber gamma=0",4000,6,0,0,-41.618209,4234.7748,3998.5201,1185.1132,-0.016299871,1.1905108,319.86113,147,177,0.4994596
"camber gamma=0",4000,7,0,0,-42.169342,4226.917,3998.8108,1182.4095,-0.010484197,4.860125,319.88685,152,176,0.540437
"camber gamma=0",4000,8,0,0,-42.282248,4236.2397,3998.9989,1185.0859,-0.022062772,6.5820537,319.89308,157,177,0.6392654
"camber gamma=0",4000,10,0,0,-42.5547,4250.8904,3998.7131,1189.4048,-0.0033004556,9.4793682,319.93109,160,176,0.4914106
"camber gamma=0",4000,12,0,0,-42.508926,4251.6423,3998.7962,1189.6239,0.00062733124,11.422585,319.99263,170,177,0.4268742
"camber gamma=0",4000,15,0,0,-42.219537,4227.8849,3998.9864,1182.4951,0.0023713514,12.876408,320.10872,165,178,0.413204
"camber gamma=0",4000,20,0,0,-40.970148,4167.8416,3999.1434,1164.5987,0.004548091,13.884498,320.339,172,176,0.4344781
"camber gamma=2",4000,0,0,2,-43.86019,-66.446585,3999.8278,-111.64085,-0.077675679,0.9486967,320.38614,6,185,0.4047031
"camber gamma=2",4000,0.5,0,2,-41.382676,877.78627,4000.92,164.84494,0.50181083,-16.057627,320.23528,11,176,0.4217594
"camber gamma=2",4000,1,0,2,-39.240868,1714.415,4000.0588,417.17671,1.1759883,-28.986836,320.04047,20,165,0.4536879
"camber gamma=2",4000,1.5,0,2,-35.164358,2425.4186,3998.8523,633.5139,1.2028396,-37.050321,319.86686,36,161,0.4317279
"camber gamma=2",4000,2,0,2,-32.965615,2983.057,3997.9667,804.58779,1.2113044,-39.151516,319.72135,47,152,0.4076407
"camber gamma=2",4000,2.5,0,2,-33.623882,3400.2064,3998.8047,934.06529,1.3688805,-35.464653,319.64346,61,147,0.3978206
"camber gamma=2",4000,3,0,2,-33.288769,3673.0004,3997.995,1018.9913,1.0375851,-29.561244,319.60014,75,147,0.4638196
"camber gamma=2",4000,4,0,2,-34.501676,3965.1356,3997.9924,1109.9735,0.61657795,-17.826763,319.59462,95,146,0.4324705
"camber gamma=2",4000,5,0,2,-34.869765,4069.5609,3997.9209,1143.0044,0.1465784,-9.9827503,319.61384,103,146,0.4321928
"camber gamma=2",4000,6,0,2,-36.885852,4097.2702,3997.8228,1150.8355,0.15761972,-3.3419351,319.64656,117,144,0.527461
"camber gamma=2",4000,7,0,2,-37.113923,4094.1337,3997.9947,1150.0964,-0.034181582,0.098230782,319.66717,119,144,0.5017085
"camber gamma=2",4000,8,0,2,-37.268418,4108.4299,3997.8215,1154.8774,-0.10474238,2.5060736,319.67936,128,147,0.5186507
"camber gamma=2",4000,10,0,2,-37.716673,4130.8035,3998.5492,1161.6497,-0.200935,5.76594,319.71121,129,144,0.4416216
"camber gamma=2",4000,12,0,2,-37.51154,4127.0984,3998.4985,1160.5749,-0.27501511,7.8050615,319.75673,136,146,0.4797191
"camber gamma=2",4000,15,0,2,-37.207505,4107.2623,3998.2616,1154.2837,-0.31343934,9.2798237,319.84757,139,147,0.473135
"camber gamma=2",4000,20,0,2,-35.972895,4052.8183,3998.5717,1137.2297,-0.38615329,10.830767,320.04356,140,146,0.3982817
"camber gamma=4",4000,0,0,4,-39.273653,-92.606941,3998.7872,-127.08288,0.052527944,-0.34589988,320.30064,5,147,0.3869049
"camber gamma=4",4000,0.5,0,4,-39.370579,776.485,3998.8351,141.57395,1.2600323,-16.640986,320.08464,8,145,0.3922817
"camber gamma=4",4000,1,0,4,-38.140797,1565.8686,3997.899,386.07743,2.0738694,-29.337025,319.87422,17,144,0.3868209
"camber gamma=4",4000,1.5,0,4,-36.722128,2252.4465,3999.5938,599.16573,2.5828146,-37.527748,319.68282,25,143,0.4592063
"camber gamma=4",4000,2,0,4,-35.981274,2811.0447,3999.6528,773.02363,2.7899024,-40.252605,319.53489,39,140,0.4035983
"camber gamma=4",4000,2.5,0,4,-36.665913,3218.6232,3997.5412,900.28564,2.7701072,-37.418934,319.46158,54,133,0.3954985
"camber gamma=4",4000,3,0,4,-37.093092,3494.3103,3996.7534,986.63619,2.3607319,-31.829038,319.42825,63,130,0.3985573
"camber gamma=4",4000,4,0,4,-37.996639,3808.7705,3998.4065,1085.68,1.4228878,-20.174853,319.43138,78,127,0.4543764
"camber gamma=4",4000,5,0,4,-39.130103,3932.908,3998.0658,1124.9054,0.81147808,-11.350972,319.46828,87,125,0.4350452
"camber gamma=4",4000,6,0,4,-39.880593,3971.9917,3998.487,1137.0431,0.36527362,-5.0701415,319.51366,95,123,0.5243656
"camber gamma=4",4000,7,0,4,-40.585753,3979.8819,3997.4253,1139.5112,0.10240226,-1.0029279,319.55246,100,125,0.4914786
"camber gamma=4",4000,8,0,4,-40.694894,3996.5729,3998.2941,1144.9392,-0.081358061,1.3072711,319.57888,104,124,0.4196637
"camber gamma=4",4000,10,0,4,-40.906065,4024.674,3998.4611,1153.7209,-0.33359911,4.9263968,319.63092,110,124,0.5141454
"camber gamma=4",4000,12,0,4,-40.802124,4027.802,3998.0452,1154.8217,-0.4809186,7.1006073,319.69166,114,125,0.5456671
"camber gamma=4",4000,15,0,4,-40.278416,4015.0884,3998.2411,1150.6782,-0.64288149,9.2560045,319.80347,118,126,0.4735224
"camber gamma=4",4000,20,0,4,-39.153765,3965.3159,3998.9593,1134.7867,-0.75368032,10.974647,320.02909,124,127,0.3880809
"camber gamma=6",4000,0,0,6,-42.226341,-66.955228,3999.2939,-98.027147,0.029049048,-1.3903647,320.16506,6,140,0.3964951
"camber gamma=6",4000,0.5,0,6,-43.910194,744.49458,3999.2505,154.89056,1.7133374,-16.796332,319.93107,9,130,0.3695744
"camber gamma=6",4000,1,0,6,-45.019184,1496.7574,3996.3469,390.18181,3.1773998,-28.91129,319.71501,10,126,0.3704106
"camber gamma=6",4000,1.5,0,6,-44.654511,2163.4902,3995.0202,598.93974,3.9445322,-36.541204,319.525,20,125,0.4402774
"camber gamma=6",4000,2,0,6,-43.825188,2716.1966,3997.5485,772.21975,4.0395828,-38.93308,319.39136,29,123,0.3888663
"camber gamma=6",4000,2.5,0,6,-44.467803,3130.0161,4000.441,902.12353,3.8716116,-36.587583,319.31085,44,124,0.4167768
"camber gamma=6",4000,3,0,6,-44.975613,3410.3957,4000.2886,990.27696,3.2864707,-31.329359,319.2895,57,123,0.3774601
"camber gamma=6",4000,4,0,6,-46.311103,3704.9981,3998.3161,1083.1094,2.1520009,-20.435291,319.31569,73,122,0.4487305
"camber gamma=6",4000,5,0,6,-47.361685,3828.3707,3997.2974,1122.1531,1.2300328,-11.82382,319.36624,85,120,0.3788296
"camber gamma=6",4000,6,0,6,-47.894263,3872.3524,3997.5835,1136.4864,0.51109622,-5.650439,319.41743,92,122,0.4313215
"camber gamma=6",4000,7,0,6,-48.793377,3892.3049,3997.7757,1142.101,0.19651487,-1.3459033,319.47061,96,122,0.5374776
"camber gamma=6",4000,8,0,6,-48.862968,3918.9818,3998.7052,1150.8722,-0.15059153,1.5168436,319.513,102,121,0.4714655
"camber gamma=6",4000,10,0,6,-48.979224,3953.926,3997.1196,1161.7553,-0.5942009,5.7318805,319.59561,106,120,0.510103
"camber gamma=6",4000,12,0,6,-48.884711,3966.9985,3997.3556,1165.9628,-0.8852104,8.6018034,319.6852,108,120,0.5732716
"camber gamma=6",4000,15,0,6,-48.373198,3959.7543,3998.4741,1163.5675,-1.1395935,10.954386,319.83894,113,122,0.4334852
"camber gamma=6",4000,20,0,6,-46.465919,3910.6309,3998.3651,1148.2742,-1.3383525,12.46329,320.12639,117,122,0.4191806
"camber gamma=8",4000,0,0,8,-51.842093,-24.501545,3999.5607,-56.089249,0.31782572,-2.0410486,320.00543,5,125,0.3998527
"camber gamma=8",4000,0.5,0,8,-54.011232,768.95826,3998.5289,191.74242,2.3076836,-16.741738,319.76147,7,124,0.4041364
"camber gamma=8",4000,1,0,8,-55.699035,1489.3052,4000.3269,416.8914,3.9204073,-27.904376,319.54116,13,124,0.3804729
"camber gamma=8",4000,1.5,0,8,-56.342726,2112.2906,3999.2792,611.77716,4.8422869,-34.485871,319.36056,20,121,0.4380506
"camber gamma=8",4000,2,0,8,-56.510549,2618.3922,3994.676,770.41434,5.0193272,-36.120409,319.23069,30,118,0.3604116
"camber gamma=8",4000,2.5,0,8,-57.113211,2998.7628,3998.5041,889.81514,4.7473842,-33.93206,319.16564,46,118,0.3867368
"camber gamma=8",4000,3,0,8,-57.57308,3260.673,3998.1631,972.27626,4.1043019,-29.448286,319.15901,56,117,0.37644
"camber gamma=8",4000,4,0,8,-58.920778,3547.7598,3995.9747,1062.9784,2.8036903,-19.699982,319.2031,69,115,0.3916121
"camber gamma=8",4000,5,0,8,-59.970436,3688.8292,3997.6256,1107.5919,1.5806236,-11.007167,319.26798,77,114,0.4004683
"camber gamma=8",4000,6,0,8,-61.443125,3755.0486,3997.8561,1127.7806,0.77235854,-3.6864307,319.34489,86,115,0.4044763
"camber gamma=8",4000,7,0,8,-61.148049,3781.1933,3997.1722,1136.6782,0.046704763,0.48097952,319.41553,88,113,0.5218125
"camber gamma=8",4000,8,0,8,-61.157519,3811.5383,3997.2938,1146.2201,-0.42417244,3.3258254,319.48091,92,113,0.4530271
"camber gamma=8",4000,10,0,8,-61.292263,3862.9581,3996.8874,1162.6381,-1.1445858,8.1746759,319.59908,95,113,0.4177994
"camber gamma=8",4000,12,0,8,-60.88663,3881.7112,3997.4694,1168.615,-1.566338,11.388883,319.72473,101,112,0.4897561
"camber gamma=8",4000,15,0,8,-60.215273,3876.0387,3997.5443,1166.7797,-1.9517904,13.882717,319.93133,107,113,0.5325816
"camber gamma=8",4000,20,0,8,-58.401442,3837.7711,3998.0863,1154.7532,-2.2136813,15.678718,320.31442,110,114,0.4561255
